Time,below_thresh,above_thresh,unmanaged
0,0.1,0.35,0.75
5,0.124,0.45,0.62
10,0.2,0.54,0.5
15,0.26,0.6,0.42
20,0.31,0.65,0.34
25,0.33,0.68,0.27
30,0.34,0.705,0.22
35,0.345,0.72,0.18
40,0.348,0.732,0.16
45,0.349,0.74,0.145
50,0.3495,0.741,0.136
55,0.3499,0.743,0.13
60,0.34991,0.746,0.126
65,0.34992,0.747,0.121
70,0.34993,0.748,0.115
75,0.34994,0.749,0.113
80,0.34995,0.7499,0.11
85,0.34996,0.74999,0.107
90,0.34997,0.749994,0.104
95,0.34998,0.749998,0.101
100,0.35,0.75,0.1
